{
  "hash": "655221c4",
  "configHash": "89d31efb",
  "lockfileHash": "0f0b4f96",
  "browserHash": "b9f818c7",
  "optimized": {
    "@angular/common": {
      "src": "../../../../../../node_modules/@angular/common/fesm2022/common.mjs",
      "file": "@angular_common.js",
      "fileHash": "dc64bbf2",
      "needsInterop": false
    },
    "@angular/common/http": {
      "src": "../../../../../../node_modules/@angular/common/fesm2022/http.mjs",
      "file": "@angular_common_http.js",
      "fileHash": "33c6e029",
      "needsInterop": false
    },
    "@angular/core": {
      "src": "../../../../../../node_modules/@angular/core/fesm2022/core.mjs",
      "file": "@angular_core.js",
      "fileHash": "0dda262a",
      "needsInterop": false
    },
    "@angular/forms": {
      "src": "../../../../../../node_modules/@angular/forms/fesm2022/forms.mjs",
      "file": "@angular_forms.js",
      "fileHash": "a2d7d62b",
      "needsInterop": false
    },
    "@angular/platform-browser": {
      "src": "../../../../../../node_modules/@angular/platform-browser/fesm2022/platform-browser.mjs",
      "file": "@angular_platform-browser.js",
      "fileHash": "07a745fc",
      "needsInterop": false
    },
    "@angular/router": {
      "src": "../../../../../../node_modules/@angular/router/fesm2022/router.mjs",
      "file": "@angular_router.js",
      "fileHash": "37bf4cf0",
      "needsInterop": false
    },
    "rxjs": {
      "src": "../../../../../../node_modules/rxjs/dist/esm5/index.js",
      "file": "rxjs.js",
      "fileHash": "73f12f34",
      "needsInterop": false
    },
    "rxjs/operators": {
      "src": "../../../../../../node_modules/rxjs/dist/esm5/operators/index.js",
      "file": "rxjs_operators.js",
      "fileHash": "0558423a",
      "needsInterop": false
    }
  },
  "chunks": {
    "chunk-XUJDEMAA": {
      "file": "chunk-XUJDEMAA.js"
    },
    "chunk-7WQUQ2YV": {
      "file": "chunk-7WQUQ2YV.js"
    },
    "chunk-P52WORV2": {
      "file": "chunk-P52WORV2.js"
    },
    "chunk-ABKFZ3BG": {
      "file": "chunk-ABKFZ3BG.js"
    },
    "chunk-HJS2BXAE": {
      "file": "chunk-HJS2BXAE.js"
    },
    "chunk-FFZIAYYX": {
      "file": "chunk-FFZIAYYX.js"
    },
    "chunk-6Q4RANH6": {
      "file": "chunk-6Q4RANH6.js"
    },
    "chunk-CXCX2JKZ": {
      "file": "chunk-CXCX2JKZ.js"
    }
  }
}